,name,level,record_longest_win_streak,losses,win_loss_ratio,games_played,deaths,wins,kd_ratio,suicides,kills,assists,record_kill_streak,kills_assists,deaths/match_ratio,suicides/match_ratio,killed_by_enemies,kills/match_ratio
1,marleydee1,688.0,227.0,419.0,0.5369928479194641,8799.0,17236.0,225.0,3.626131296157837,7596.0,62500.0,18559.0,14.0,81059.0,1.958858961245596,0.8632799181725196,9640.0,7.103079895442664
2,Stefo__SvK,1000.0,84.0,2025.0,0.566419780254364,18529.0,71914.0,1147.0,2.009121894836426,3141.0,144484.0,27365.0,31.0,171849.0,3.881159263856657,0.1695180527821253,68773.0,7.797722489071186
7,Vylxnz,1000.0,199.0,1447.0,0.8742225170135498,14803.0,66305.0,1265.0,2.856828212738037,12549.0,189422.0,30556.0,28.0,219978.0,4.479159629804769,0.8477335675200973,53756.0,12.796189961494292
9,xizf-,628.0,97.0,760.0,0.4052631556987762,9159.0,23616.0,308.0,3.3609840869903564,4507.0,79373.0,11872.0,26.0,91245.0,2.578447428758598,0.49208428867780324,19109.0,8.666120755540998
11,steviii77,1000.0,50.0,637.0,0.8100470900535583,18020.0,67975.0,516.0,1.5742993354797363,26931.0,107013.0,26619.0,15.0,133632.0,3.7721975582685903,1.494506104328524,41044.0,5.938568257491676
12,W2LLU,1000.0,63.0,733.0,0.785811722278595,8552.0,21938.0,576.0,3.5495030879974365,1137.0,77869.0,15183.0,26.0,93052.0,2.565247895229186,0.13295135640785782,20801.0,9.105355472404115
13,cx_pim,738.0,72.0,1595.0,0.8075234889984131,15952.0,86304.0,1288.0,2.179713487625122,12978.0,188118.0,33344.0,26.0,221462.0,5.410230692076229,0.8135656970912738,73326.0,11.792753259779339
15,kingbenja2001,1000.0,380.0,1136.0,2.692781686782837,10203.0,79032.0,3059.0,2.490687370300293,3881.0,196844.0,32015.0,66.0,228859.0,7.745957071449574,0.3803783201019308,75151.0,19.29275703224542
17,Donaldinihio,858.0,22.0,522.0,0.501915693283081,9236.0,25833.0,262.0,2.488754749298096,12429.0,64292.0,12574.0,22.0,76866.0,2.7969900389779125,1.3457124296232135,13404.0,6.96102208748376
23,TreKK_EU,185.0,141.0,896.0,0.4955357015132904,11378.0,37624.0,444.0,3.312938451766968,11636.0,124646.0,19746.0,25.0,144392.0,3.306732290384953,1.0226753383722975,25988.0,10.955000878889084
25,ReLizZe,1000.0,209.0,851.0,0.266745001077652,12173.0,28206.0,227.0,4.468446254730225,43912.0,126037.0,13287.0,13.0,139324.0,2.317095210712232,3.6073276924340756,-15706.0,10.353815821900929
30,Bob_Scrubbs,960.0,134.0,535.0,0.990654230117798,10173.0,24762.0,530.0,1.5205153226852417,646.0,37651.0,7399.0,13.0,45050.0,2.4340902388675905,0.06350142534159048,24116.0,3.7010714636783644
36,Turles91,709.0,88.0,955.0,0.291099488735199,12429.0,40135.0,278.0,2.205332040786743,716.0,88511.0,21636.0,21.0,110147.0,3.2291415238554992,0.05760720894681792,39419.0,7.121329149569555
37,Killers_Brunoz,556.0,37.0,1410.0,0.5936170220375061,11353.0,36783.0,837.0,1.333414912223816,666.0,49047.0,7699.0,17.0,56746.0,3.2399365806394784,0.05866290848233947,36117.0,4.320179688188144
44,FLaSH-RaYo,943.0,40.0,496.0,0.401209682226181,10533.0,30788.0,199.0,2.640509366989136,1388.0,81296.0,14891.0,18.0,96187.0,2.9230038925282447,0.13177632203550746,29400.0,7.7182189309788285
46,Informaal--,1000.0,72.0,726.0,0.8484848737716675,12595.0,55093.0,616.0,2.0130505561828613,22069.0,110905.0,20565.0,27.0,131470.0,4.374196109567289,1.7522032552600237,33024.0,8.80547836443033
48,CbWeir,1000.0,106.0,971.0,0.603501558303833,8549.0,37260.0,586.0,1.7349436283111572,8812.0,64644.0,15058.0,13.0,79702.0,4.358404491753421,1.0307638320271377,28448.0,7.56158615042695
49,Yami_Sekai,783.0,83.0,2088.0,0.6724137663841248,13220.0,76484.0,1404.0,1.5615161657333374,27119.0,119431.0,25175.0,24.0,144606.0,5.785476550680786,2.051361573373676,49365.0,9.03411497730711
50,SgtChop21,966.0,44.0,1196.0,0.5008361339569092,12658.0,37287.0,599.0,1.71882963180542,19718.0,64090.0,15259.0,16.0,79349.0,2.9457260230684152,1.5577500395007111,17569.0,5.063201137620477
51,Killers_alemao,463.0,27.0,889.0,0.5905511975288391,9071.0,35858.0,525.0,1.2664119005203247,9169.0,45411.0,10712.0,14.0,56123.0,3.9530371513614817,1.0108036600154338,26689.0,5.0061735200088195
52,toobigtoohandle,1000.0,76.0,1029.0,4.184645175933838,11630.0,65048.0,4306.0,3.810555219650269,4661.0,247869.0,28676.0,73.0,276545.0,5.593121238177128,0.4007738607050731,60387.0,21.312897678417883
54,englyst91,883.0,26.0,882.0,0.5260770916938782,10264.0,37753.0,464.0,2.201122999191284,12299.0,83099.0,16929.0,19.0,100028.0,3.6781956352299296,1.198265783320343,25454.0,8.09616134060795
55,Devin9sc,540.0,67.0,1329.0,0.697516918182373,8564.0,46709.0,927.0,2.138688564300537,3128.0,99896.0,14302.0,23.0,114198.0,5.454110228865017,0.36524988323213453,43581.0,11.66464269033162
56,wk-811,1000.0,64.0,2845.0,0.81230229139328,17026.0,128896.0,2311.0,1.5522747039794922,6345.0,200082.0,41223.0,26.0,241305.0,7.5705391753788325,0.37266533536943497,122551.0,11.751556443087043
59,Do0Ikie,819.0,54.0,839.0,0.547079861164093,12899.0,41502.0,459.0,2.1502819061279297,14831.0,89241.0,13318.0,21.0,102559.0,3.2174587177300564,1.1497790526397396,26671.0,6.9184432901775335
60,CroFin93,931.0,121.0,2.0,1.0,8899.0,19887.0,2.0,2.2349777221679688,4376.0,44447.0,18967.0,3.0,63414.0,2.23474547701989,0.49174064501629394,15511.0,4.994606135520845
62,LordMajestic_98,1000.0,233.0,165.0,0.4848484992980957,9295.0,17326.0,80.0,2.916426181793213,3263.0,50530.0,14052.0,13.0,64582.0,1.8640129101667564,0.35104895104895106,14063.0,5.436256051640667
64,Brad_0593,550.0,71.0,944.0,0.2341101765632629,10379.0,30004.0,221.0,2.0584921836853027,15315.0,61763.0,14292.0,12.0,76055.0,2.8908372675594953,1.4755756816649004,14689.0,5.9507659697466035
65,Latiino90,403.0,75.0,2298.0,0.6044386625289917,12339.0,85490.0,1389.0,1.08694589138031,6705.0,92923.0,16801.0,21.0,109724.0,6.928438285112246,0.5433989788475565,78785.0,7.530837182915958
67,Pamajino,330.0,27.0,2931.0,0.7488911747932434,16504.0,91172.0,2195.0,1.8576536178588867,14132.0,169366.0,17374.0,31.0,186740.0,5.5242365487154625,0.8562772661173049,77040.0,10.262118274357732
68,el_Ciskin,689.0,27.0,835.0,0.5053892135620117,13052.0,47247.0,422.0,1.8715262413024905,18674.0,88424.0,20075.0,26.0,108499.0,3.6199049954030036,1.4307385841250384,28573.0,6.7747471651854125
69,Jerpotzki,1000.0,30.0,880.0,0.4272727370262146,10034.0,34055.0,376.0,2.529672622680664,9407.0,86148.0,11750.0,21.0,97898.0,3.3939605341837753,0.9375124576440104,24648.0,8.585608929639227
70,ChiefSoulja1,142.0,100.0,964.0,1.292531132698059,7624.0,40509.0,1246.0,2.1983015537261963,3351.0,89051.0,12307.0,32.0,101358.0,5.313352570828961,0.4395330535152151,37158.0,11.680351521511017
71,Luki23,466.0,95.0,738.0,0.0243902429938316,9890.0,18941.0,18.0,1.7760413885116575,12740.0,33640.0,6834.0,6.0,40474.0,1.9151668351870577,1.288169868554095,6201.0,3.4014155712841254
72,PKskinny105,775.0,34.0,576.0,0.2881944477558136,14768.0,43442.0,166.0,1.439367413520813,36841.0,62529.0,13759.0,21.0,76288.0,2.9416305525460453,2.49465059588299,6601.0,4.2340872156013
73,STYLERZ97,313.0,40.0,2919.0,0.5810208916664124,12978.0,76610.0,1696.0,1.5026758909225464,10852.0,115120.0,18887.0,46.0,134007.0,5.9030667283094465,0.8361843119124672,65758.0,8.870396054862073
74,sgtsaad,1000.0,38.0,1309.0,1.048128366470337,12405.0,83559.0,1372.0,1.411182522773743,11002.0,117917.0,21721.0,31.0,139638.0,6.735912938331318,0.886900443369609,72557.0,9.505602579604998
75,DaGIove,571.0,220.0,1041.0,0.6935638785362244,9039.0,31612.0,722.0,2.74958872795105,13944.0,86920.0,14631.0,31.0,101551.0,3.4972895231773427,1.5426485230667109,17668.0,9.616107976546077
76,Holkii_,184.0,22.0,1618.0,0.4629171788692474,11155.0,42821.0,749.0,1.5193012952804563,3082.0,65058.0,11212.0,17.0,76270.0,3.8387270282384582,0.27628865979381445,39739.0,5.832182877633349
78,Coachello,451.0,30.0,780.0,0.2064102590084076,9824.0,23614.0,161.0,2.168120622634888,417.0,51198.0,9737.0,12.0,60935.0,2.4037052117263844,0.04244706840390879,23197.0,5.211522801302932
79,lil_munkki,843.0,54.0,405.0,0.0617283955216407,10152.0,21968.0,25.0,1.705298662185669,5170.0,37462.0,10813.0,9.0,48275.0,2.163908589440504,0.5092592592592593,16798.0,3.6901103230890464
80,Pjanic_10_,490.0,69.0,9.0,1.0,8625.0,20784.0,9.0,1.777424931526184,12703.0,36942.0,14568.0,11.0,51510.0,2.4097391304347826,1.4728115942028985,8081.0,4.283130434782609
81,ZeKky_59,451.0,67.0,568.0,0.480633795261383,10064.0,32357.0,273.0,1.7189480066299438,8802.0,55620.0,12045.0,33.0,67665.0,3.2151232114467407,0.8746025437201908,23555.0,5.526629570747218
83,Woutiee23,481.0,31.0,2234.0,0.7269471883773804,10375.0,82591.0,1624.0,1.6612584590911863,1970.0,137205.0,31231.0,19.0,168436.0,7.960578313253012,0.18987951807228914,80621.0,13.224578313253012
84,Qyxx_010,533.0,45.0,469.0,0.3752665221691131,5686.0,16965.0,176.0,2.749837875366211,4369.0,46651.0,10427.0,20.0,57078.0,2.9836440379880407,0.7683784734435456,12596.0,8.204537460429124
91,CristianDxster-,325.0,62.0,885.0,0.1468926519155502,8968.0,21634.0,130.0,2.5583341121673584,3121.0,55347.0,8378.0,12.0,63725.0,2.41235504014273,0.3480151650312221,18513.0,6.171610169491525
92,alurcerita,309.0,32.0,1958.0,0.5153217315673828,13577.0,70623.0,1009.0,1.0053240060806274,5955.0,70999.0,23483.0,12.0,94482.0,5.20166457980408,0.4386094129778301,64668.0,5.229358473889667
93,CigarMotive,364.0,65.0,463.0,0.6673865914344788,9270.0,32305.0,309.0,1.026745080947876,7276.0,33169.0,11630.0,14.0,44799.0,3.4848975188781015,0.7848975188781014,25029.0,3.578101402373247
95,grover004,554.0,95.0,575.0,0.5408695936203003,8089.0,29222.0,311.0,1.8766340017318728,10867.0,54839.0,10899.0,19.0,65738.0,3.612560267029299,1.3434293484979603,18355.0,6.779453578934356
96,holyshepp,1000.0,65.0,142.0,0.6971830725669861,13379.0,32803.0,99.0,2.371978282928467,32403.0,77808.0,17463.0,13.0,95271.0,2.45182749084386,2.4219298901263175,400.0,5.815681291576351
97,Jammer44,752.0,63.0,726.0,0.5964187383651733,9112.0,23377.0,433.0,1.840441465377808,3691.0,43024.0,13358.0,14.0,56382.0,2.565517998244074,0.4050702370500439,19686.0,4.7216856892010535
102,Killers_Lucas,282.0,34.0,1495.0,0.5993310809135437,9662.0,47333.0,896.0,1.3326431512832642,1658.0,63078.0,12706.0,26.0,75784.0,4.898882219002277,0.17160008279859243,45675.0,6.528462016145726
103,Pooiyer,476.0,67.0,828.0,0.512077271938324,10596.0,35118.0,424.0,2.5793325901031494,17895.0,90581.0,13083.0,24.0,103664.0,3.314269535673839,1.6888448471121178,17223.0,8.548603246508117
104,lewinjo,755.0,49.0,995.0,0.4814070463180542,8927.0,37809.0,479.0,1.695389986038208,21572.0,64101.0,16845.0,14.0,80946.0,4.235353422202308,2.4164893021171725,16237.0,7.180575781337516
105,Stellaswift,437.0,44.0,385.0,0.0519480518996715,7704.0,16515.0,20.0,1.6987587213516235,4578.0,28055.0,8498.0,9.0,36553.0,2.1436915887850465,0.5942367601246106,11937.0,3.641614745586708
106,peekay_4,436.0,100.0,1353.0,1.3835920095443726,9975.0,42180.0,1872.0,2.327667236328125,987.0,98181.0,14348.0,36.0,112529.0,4.228571428571429,0.09894736842105263,41193.0,9.842706766917294
108,mgsalahu,403.0,38.0,1754.0,0.6391106247901917,12832.0,37810.0,1121.0,1.7290663719177246,2804.0,65376.0,11527.0,14.0,76903.0,2.9465399002493764,0.21851620947630923,35006.0,5.094763092269327
109,c_haynes7,124.0,29.0,1079.0,0.7729378938674927,7389.0,23180.0,834.0,2.2036237716674805,223.0,51080.0,6479.0,23.0,57559.0,3.1370956827716876,0.030179997293273784,22957.0,6.912978752199215
110,Langerdahl,1000.0,84.0,1685.0,1.5234421491622925,14897.0,56350.0,2567.0,2.050079822540283,7769.0,115522.0,17496.0,29.0,133018.0,3.782640800161106,0.5215143988722561,48581.0,7.754715714573404
112,Bund_Killer,182.0,51.0,909.0,0.817381739616394,7461.0,32836.0,743.0,1.546838879585266,7307.0,50792.0,9212.0,15.0,60004.0,4.4010186302104275,0.9793593352097574,25529.0,6.807666532636376
113,Slick_D___,609.0,68.0,1372.0,0.8870262503623962,9419.0,55541.0,1217.0,1.312687873840332,11926.0,72908.0,19547.0,14.0,92455.0,5.896698163286973,1.2661641363202039,43615.0,7.740524471812294
114,Faydal_EU,789.0,228.0,970.0,0.7185567021369934,5935.0,23613.0,697.0,2.2393596172332764,7824.0,52878.0,10033.0,26.0,62911.0,3.9786015164279696,1.3182813816343724,15789.0,8.909519797809605
116,Da_DoM91,1000.0,42.0,1398.0,0.7081544995307922,14496.0,70212.0,990.0,1.1884008646011353,15034.0,83440.0,15488.0,16.0,98928.0,4.843543046357616,1.0371136865342163,55178.0,5.756070640176601
120,Jeroen073_,22.0,54.0,1404.0,0.7307692170143127,7208.0,37303.0,1026.0,1.757016897201538,1286.0,65542.0,13456.0,17.0,78998.0,5.175221975582686,0.1784128745837958,36017.0,9.092952275249722
121,iamExpel,374.0,42.0,636.0,0.5157232880592346,9417.0,24742.0,328.0,2.8985934257507324,12676.0,71717.0,11353.0,17.0,83070.0,2.627376022087714,1.3460762450886694,12066.0,7.615695019645322
122,Marchantje,712.0,61.0,969.0,0.4117647111415863,10577.0,40495.0,399.0,1.1849857568740845,12788.0,47986.0,12690.0,20.0,60676.0,3.828590337524818,1.2090384797201474,27707.0,4.536825186725915
125,itsgabriel-24,151.0,36.0,890.0,0.5685393214225769,6533.0,23310.0,506.0,2.1198198795318604,3055.0,49413.0,6404.0,27.0,55817.0,3.5680391856727383,0.4676258992805755,20255.0,7.563600183682841
128,Nick__Collins,500.0,44.0,105.0,0.7047619223594666,5804.0,12879.0,74.0,1.1726065874099731,4521.0,15102.0,4762.0,11.0,19864.0,2.218986905582357,0.7789455547898001,8358.0,2.601998621640248
129,Ripacash,795.0,90.0,687.0,0.4294032156467438,8502.0,30585.0,295.0,1.756645441055298,5350.0,53727.0,13171.0,12.0,66898.0,3.5973888496824276,0.6292637026581981,25235.0,6.319336626676076
132,you_shot_me44,742.0,16.0,664.0,0.4397590458393097,12086.0,28819.0,292.0,1.3484159708023071,687.0,38860.0,8916.0,13.0,47776.0,2.3844944563958297,0.05684262783385736,28132.0,3.2152904186662252
133,CarryTheBackPack,592.0,56.0,2016.0,0.7301587462425232,9628.0,47046.0,1472.0,2.138545274734497,9031.0,100610.0,13364.0,35.0,113974.0,4.886373078520981,0.9379933527212297,38015.0,10.449729954299958
134,mmex,202.0,38.0,833.0,0.7887154817581177,10843.0,41910.0,657.0,1.6283941268920898,19105.0,68246.0,13748.0,14.0,81994.0,3.8651664668449692,1.7619662455040117,22805.0,6.2940145716130225
135,lewsley89,269.0,20.0,753.0,0.7476759552955627,9454.0,30467.0,563.0,1.489053726196289,4733.0,45367.0,9584.0,14.0,54951.0,3.2226570763697904,0.5006346519991538,25734.0,4.798709540935054
136,stan1sh,445.0,20.0,1040.0,0.4278846085071563,12389.0,38973.0,445.0,1.4211376905441284,1949.0,55386.0,7137.0,27.0,62523.0,3.1457744773589473,0.1573169747356526,37024.0,4.470578739204132
137,KUO_89,221.0,103.0,512.0,0.42578125,5767.0,18054.0,218.0,1.7445995807647705,2178.0,31497.0,8710.0,20.0,40207.0,3.130570487255072,0.3776660308652679,15876.0,5.461591815501994
138,Sztifler21,573.0,47.0,1857.0,0.8239095211029053,13551.0,90569.0,1530.0,1.1046605110168457,2960.0,100048.0,26902.0,15.0,126950.0,6.683565788502693,0.21843406390672276,87609.0,7.383071360047229
139,RogerRocket_24,642.0,72.0,778.0,0.1863753199577331,11400.0,32183.0,145.0,0.901314377784729,1875.0,29007.0,11171.0,13.0,40178.0,2.8230701754385965,0.16447368421052633,30308.0,2.5444736842105264
140,joey90sbaby,400.0,53.0,463.0,0.6868250370025635,10305.0,32718.0,318.0,1.3686350584030151,3587.0,44779.0,13286.0,13.0,58065.0,3.1749636098981076,0.34808345463367296,29131.0,4.345366327025715
143,Dashley365,475.0,23.0,1191.0,0.5902602672576904,9240.0,39457.0,703.0,1.3025825023651123,14628.0,51396.0,10661.0,22.0,62057.0,4.270238095238096,1.5831168831168831,24829.0,5.562337662337662
145,ZedKay__,779.0,49.0,2183.0,0.8841044306755066,11451.0,54493.0,1930.0,1.9483236074447632,5338.0,106170.0,15080.0,28.0,121250.0,4.7587983582219895,0.4661601606846564,49155.0,9.271679329316218
147,Ghostkill_BEL,521.0,21.0,563.0,0.6500887870788574,5570.0,14177.0,366.0,2.61846661567688,2545.0,37122.0,8632.0,19.0,45754.0,2.54524236983842,0.45691202872531417,11632.0,6.664631956912029
149,Jaromirr,588.0,60.0,2525.0,0.4514851570129394,11903.0,63582.0,1140.0,1.6047937870025637,10072.0,102036.0,18855.0,19.0,120891.0,5.341678568428128,0.8461732336385785,53510.0,8.5722926993195
152,I-C-U_SRB,613.0,18.0,349.0,0.9914039969444276,8339.0,26388.0,346.0,1.6676520109176636,9348.0,44006.0,8815.0,20.0,52821.0,3.164408202422353,1.1209977215493465,17040.0,5.277131550545629
153,Jp-4tw,153.0,36.0,856.0,0.59112149477005,6826.0,24586.0,506.0,1.5859025716781616,4417.0,38991.0,7079.0,14.0,46070.0,3.601816583650747,0.6470846762379139,20169.0,5.7121300908291825
154,alex9795,622.0,47.0,2345.0,0.903624713420868,13441.0,60709.0,2119.0,1.7624075412750244,897.0,106994.0,21614.0,22.0,128608.0,4.516702626292687,0.06673610594449818,59812.0,7.960270813183543
156,Vaabelz,829.0,33.0,476.0,0.569327712059021,9240.0,26555.0,271.0,1.654980182647705,3099.0,43948.0,9949.0,11.0,53897.0,2.8739177489177488,0.3353896103896104,23456.0,4.756277056277057
160,iCrankedX,8.0,18.0,607.0,0.179571658372879,8345.0,22039.0,109.0,1.833976149559021,981.0,40419.0,7486.0,12.0,47905.0,2.6409826243259436,0.11755542240862792,21058.0,4.843499101258239
161,snake2conqueror,588.0,57.0,1099.0,0.6542311310768127,10534.0,38435.0,719.0,2.3205671310424805,5716.0,89191.0,18701.0,40.0,107892.0,3.648661477121701,0.5426238845642681,32719.0,8.466964116195177
164,drwn21,250.0,35.0,954.0,0.4318658411502838,6137.0,24223.0,412.0,1.4314494132995603,6768.0,34674.0,8731.0,13.0,43405.0,3.9470425289229265,1.1028189669219488,17455.0,5.649991852696758
165,maggi_mix88,713.0,45.0,1515.0,1.033003330230713,12855.0,50947.0,1565.0,1.746874213218689,32748.0,88998.0,15340.0,17.0,104338.0,3.963204978607546,2.5474912485414234,18199.0,6.923220536756126
166,DREAMbordeaux,494.0,25.0,1820.0,0.8895604610443115,14209.0,80630.0,1619.0,1.6384347677230835,9049.0,132107.0,19089.0,33.0,151196.0,5.674572454078401,0.6368498838764164,71581.0,9.297417129988036
167,Breguuu,497.0,47.0,1627.0,0.2962507605552673,13729.0,55561.0,482.0,1.293875217437744,17508.0,71889.0,13367.0,14.0,85256.0,4.046980843470027,1.2752567557724526,38053.0,5.236288149173283
170,CallMeSnowyyYT_G,97.0,28.0,690.0,0.3797101378440857,11083.0,28283.0,262.0,2.320758104324341,3794.0,65638.0,8491.0,28.0,74129.0,2.5519263737255256,0.34232608499503747,24489.0,5.922403681313724
172,jordro1213,837.0,40.0,244.0,0.0614754110574722,13031.0,30896.0,15.0,1.879855036735535,8539.0,58080.0,11630.0,6.0,69710.0,2.3709615532192463,0.6552835546005679,22357.0,4.45706392448776
173,TommyGun392,756.0,34.0,2335.0,0.9434689283370972,13199.0,82422.0,2203.0,1.4343864917755127,9364.0,118225.0,18296.0,21.0,136521.0,6.244563982119858,0.7094476854307145,73058.0,8.957117963482082
176,WarrenG0885,1000.0,50.0,18.0,0.6111111044883728,11147.0,24843.0,11.0,1.5281165838241575,3313.0,37963.0,9468.0,11.0,47431.0,2.228671391405759,0.2972100116623307,21530.0,3.4056696869112764
177,J-Braderzz,307.0,73.0,750.0,1.1693333387374878,6015.0,27434.0,877.0,2.024458646774292,950.0,55539.0,11078.0,36.0,66617.0,4.560931005818786,0.15793848711554448,26484.0,9.233416458852869
178,Mategg04,297.0,21.0,1143.0,0.715660572052002,9445.0,43169.0,818.0,1.6334869861602783,13135.0,70516.0,14170.0,15.0,84686.0,4.570566437268396,1.3906829010058233,30034.0,7.465960825833775
179,Chrispy_AF,632.0,62.0,436.0,0.3990825712680816,6498.0,17970.0,174.0,1.877462387084961,8473.0,33738.0,7384.0,18.0,41122.0,2.765466297322253,1.303939673745768,9497.0,5.1920590951061865
180,GoldBear94,679.0,42.0,1091.0,0.4344637989997864,8893.0,32803.0,474.0,2.065725803375244,7150.0,67762.0,13963.0,16.0,81725.0,3.6886315079275835,0.8040031485437985,25653.0,7.6197008883391435
182,MitchDEnriquez,459.0,60.0,777.0,0.5006434917449951,8377.0,29034.0,389.0,2.148343324661255,12718.0,62375.0,9020.0,22.0,71395.0,3.4659185866061835,1.5182046078548406,16316.0,7.445983048824162
183,Erwern,170.0,35.0,1394.0,0.6484935283660889,7281.0,52825.0,904.0,1.396838665008545,4197.0,73788.0,11983.0,17.0,85771.0,7.2551847273726136,0.5764318088174701,48628.0,10.134322208487845
184,oporta10,357.0,18.0,654.0,0.1850152909755706,6438.0,17881.0,121.0,1.2730271816253662,560.0,22763.0,4278.0,14.0,27041.0,2.7774153463808635,0.08698353525939732,17321.0,3.5357253805529667
185,Harrawr,47.0,100.0,442.0,0.0656108632683754,10110.0,20686.0,29.0,1.261529564857483,541.0,26096.0,4110.0,11.0,30206.0,2.046092977250247,0.05351137487636004,20145.0,2.5812067260138476
187,parce31,413.0,28.0,1101.0,0.2234332412481308,15989.0,40001.0,246.0,1.5772355794906616,24975.0,63091.0,11531.0,12.0,74622.0,2.5017824754518734,1.5620113828256927,15026.0,3.945900306460692
191,Heshy070-_-,145.0,21.0,720.0,0.7708333134651184,11287.0,41326.0,555.0,1.788583517074585,9267.0,73915.0,11632.0,20.0,85547.0,3.661380349074156,0.8210330468680783,32059.0,6.5486843271019755
192,Unl1m1t3d-sh0ts,839.0,13.0,1496.0,0.5548128485679626,16728.0,61229.0,830.0,1.4640448093414309,18243.0,89642.0,18412.0,19.0,108054.0,3.660270205643233,1.0905667144906743,42986.0,5.358799617407938
193,DonkeyKriss,311.0,42.0,882.0,0.3038548827171325,8398.0,28520.0,268.0,1.077699899673462,1202.0,30736.0,7026.0,14.0,37762.0,3.396046677780424,0.14312931650392952,27318.0,3.659919028340081
194,Mr_Smeagol1995,809.0,98.0,1814.0,0.4768467545509338,20497.0,82849.0,865.0,1.5771946907043457,4137.0,130669.0,32617.0,21.0,163286.0,4.04200614724106,0.20183441479240866,78712.0,6.375030492267161
195,as-creed-II,242.0,23.0,563.0,0.2753108441829681,4996.0,11748.0,155.0,1.5018726587295532,607.0,17644.0,2915.0,14.0,20559.0,2.3514811849479584,0.12149719775820657,11141.0,3.5316253002401923
199,Praven_2,459.0,20.0,865.0,0.4439306259155273,6333.0,29447.0,384.0,1.575882077217102,9987.0,46405.0,8756.0,19.0,55161.0,4.649771040581083,1.5769777356702985,19460.0,7.327490920574767
200,King-o-Scotland7,918.0,66.0,772.0,0.1450777202844619,12070.0,30992.0,112.0,1.316436529159546,12889.0,40799.0,8934.0,14.0,49733.0,2.567688483844242,1.0678541839270919,18103.0,3.38019884009942
203,DeKoudeJager,363.0,25.0,571.0,0.045534148812294,8509.0,23830.0,26.0,1.5451531410217283,5743.0,36821.0,10012.0,9.0,46833.0,2.800564108590904,0.6749324244917146,18087.0,4.32730050534728
204,DeckKeetz,722.0,45.0,412.0,0.6601941585540771,7832.0,24036.0,272.0,1.9385088682174685,10249.0,46594.0,12511.0,13.0,59105.0,3.068947906026558,1.308605720122574,13787.0,5.949182839632278
207,TTV-NRG46,901.0,103.0,1026.0,2.622807025909424,8552.0,67330.0,2691.0,1.862780332565308,4413.0,125421.0,16684.0,32.0,142105.0,7.8730121608980355,0.5160196445275959,62917.0,14.665692235734332
212,g_dvbbz20,267.0,57.0,831.0,0.6209385991096497,5672.0,21646.0,516.0,1.2723828554153442,7282.0,27542.0,8374.0,13.0,35916.0,3.816290550070522,1.2838504936530324,14364.0,4.855782792665726
213,Vluggerobin,393.0,48.0,522.0,0.7318007946014404,6185.0,22025.0,382.0,1.6947559118270874,5630.0,37327.0,7616.0,18.0,44943.0,3.561034761519806,0.910266774454325,16395.0,6.035084882780922
214,glubberer0205,482.0,41.0,542.0,0.6900368928909302,10698.0,27790.0,374.0,2.126700162887573,13487.0,59101.0,9951.0,17.0,69052.0,2.5976818096840533,1.2607029351280614,14303.0,5.524490558982987
215,emirtzoff,684.0,27.0,746.0,0.2238605916500091,10612.0,26313.0,167.0,1.69988214969635,7247.0,44729.0,10373.0,17.0,55102.0,2.479551451187335,0.6829061439879381,19066.0,4.214945344892574
217,PutiinYou2Sleep,31.0,19.0,1149.0,0.4403829276561737,8714.0,37535.0,506.0,1.493805766105652,1020.0,56070.0,11323.0,19.0,67393.0,4.307436309387193,0.11705301813174203,36515.0,6.4344732614184075
220,Maycon_RS,904.0,57.0,2382.0,0.387909322977066,17310.0,78804.0,924.0,1.4115272760391235,13274.0,111234.0,23020.0,23.0,134254.0,4.552512998266898,0.7668399768919699,65530.0,6.425996533795494
222,HAX_Moj0,290.0,47.0,9.0,2.0,3306.0,7318.0,18.0,3.1138288974761963,141.0,22787.0,5206.0,11.0,27993.0,2.2135511191772537,0.0426497277676951,7177.0,6.892619479733817
223,reconventie,279.0,66.0,510.0,0.0588235296308994,5222.0,11342.0,30.0,2.080849885940552,245.0,23601.0,5994.0,11.0,29595.0,2.171964764458062,0.04691689008042895,11097.0,4.519532746074301
224,Buff_J,757.0,41.0,856.0,0.7464953064918518,12576.0,52343.0,639.0,1.0693120956420898,23937.0,55971.0,19394.0,35.0,75365.0,4.162134223918575,1.9033874045801527,28406.0,4.450620229007634
226,vqcci,1000.0,46.0,732.0,0.4125683009624481,8137.0,25377.0,302.0,2.1997478008270264,5065.0,55823.0,9818.0,30.0,65641.0,3.1187169718569496,0.6224652820449798,20312.0,6.860390807422883
227,Brooleeg,786.0,88.0,1115.0,0.8403587341308594,7430.0,40512.0,937.0,1.449990153312683,6387.0,58742.0,13416.0,17.0,72158.0,5.452489905787348,0.8596231493943473,34125.0,7.906056527590848
229,matt93mcg,782.0,42.0,2214.0,0.6982836723327637,20090.0,71854.0,1546.0,1.5425446033477783,26882.0,110838.0,16756.0,14.0,127594.0,3.5766052762568443,1.3380786460925833,44972.0,5.517073170731707
233,LaVida89,491.0,17.0,431.0,0.2621809840202331,9440.0,20948.0,113.0,1.8851919174194336,547.0,39491.0,7262.0,11.0,46753.0,2.2190677966101693,0.05794491525423729,20401.0,4.183368644067796
234,HOWELL1993,217.0,24.0,684.0,0.8888888955116272,5253.0,14121.0,608.0,1.7830890417099,1929.0,25179.0,4749.0,14.0,29928.0,2.6881781838949173,0.3672187321530554,12192.0,4.793260993717875
236,G_a_j_a_n_9,1000.0,33.0,1012.0,0.1798418909311294,18632.0,50686.0,182.0,1.2647279500961304,35287.0,64104.0,16717.0,12.0,80821.0,2.7203735508802063,1.8938922284242163,15399.0,3.4405324173465006
237,JoneillF24,732.0,13.0,694.0,0.1945244967937469,9648.0,25763.0,135.0,1.3590031862258911,4768.0,35012.0,12192.0,14.0,47204.0,2.6702943615257047,0.494195688225539,20995.0,3.62893864013267
238,Markoudshoorn10,252.0,67.0,395.0,0.3974683582782745,5104.0,13573.0,157.0,1.7741103172302246,1972.0,24080.0,5588.0,20.0,29668.0,2.6592868338557993,0.38636363636363635,11601.0,4.717868338557993
239,Hernandez-512-,272.0,64.0,574.0,0.4268292784690857,9769.0,25620.0,245.0,1.8833333253860476,3895.0,48251.0,8951.0,13.0,57202.0,2.622581635786672,0.3987102057528918,21725.0,4.9391954140648995
241,WestBoyChris,472.0,34.0,953.0,0.4952780604362488,11158.0,33802.0,472.0,1.279539704322815,17227.0,43251.0,10949.0,14.0,54200.0,3.0293959490948197,1.5439146800501882,16575.0,3.876232299695286
242,Cc3FyneSt15,766.0,45.0,582.0,0.3161512017250061,10792.0,35248.0,184.0,1.3642759323120115,18523.0,48088.0,9200.0,18.0,57288.0,3.266123054114159,1.7163639733135656,16725.0,4.455893254262417
244,mwins19,371.0,33.0,960.0,0.4208333194255829,6734.0,26424.0,404.0,0.938502848148346,1618.0,24799.0,6595.0,12.0,31394.0,3.923967923967924,0.24027324027324026,24806.0,3.6826551826551825
245,xstuntinx,354.0,36.0,1011.0,0.613254189491272,7750.0,25223.0,620.0,1.536534070968628,2372.0,38756.0,10495.0,13.0,49251.0,3.2545806451612904,0.30606451612903224,22851.0,5.000774193548387
246,amin_usman,428.0,26.0,504.0,0.52182537317276,8080.0,26496.0,263.0,1.760001540184021,3291.0,46633.0,11580.0,15.0,58213.0,3.279207920792079,0.4073019801980198,23205.0,5.771410891089109
247,playyerfly,257.0,16.0,1328.0,0.1174698770046234,9051.0,25171.0,156.0,1.274363398551941,8466.0,32077.0,9027.0,12.0,41104.0,2.781018671969948,0.9353662578720583,16705.0,3.5440282841674953
249,Twitch-Molexis_,440.0,35.0,2110.0,0.8838862776756287,8550.0,55544.0,1865.0,1.3940119743347168,3058.0,77429.0,16090.0,34.0,93519.0,6.496374269005848,0.3576608187134503,52486.0,9.056023391812866
252,Googes__,305.0,48.0,1076.0,0.8689591288566589,9058.0,49292.0,935.0,1.4710297584533691,1243.0,72510.0,14230.0,36.0,86740.0,5.441819386177964,0.1372267608743652,48049.0,8.005078383749172
253,graegoose86,331.0,83.0,1842.0,0.6281216144561768,8962.0,55036.0,1157.0,1.001926064491272,5187.0,55142.0,17852.0,12.0,72994.0,6.141039946440527,0.5787770586922562,49849.0,6.152867663467976
254,HELPHS,355.0,32.0,4.0,1.5,6559.0,16191.0,6.0,1.2324748039245603,5461.0,19955.0,7032.0,5.0,26987.0,2.4685165421558164,0.8325964323829852,10730.0,3.0423845098338163
255,Paydox,582.0,21.0,478.0,0.0271966531872749,10398.0,21359.0,13.0,2.0372676849365234,1233.0,43514.0,6088.0,8.0,49602.0,2.054145027889979,0.1185804962492787,20126.0,4.184843239084439
256,LieutenantProof,808.0,58.0,402.0,1.0447760820388794,3611.0,21535.0,420.0,1.7348966598510742,2647.0,37361.0,9272.0,28.0,46633.0,5.963721960675713,0.7330379396289116,18888.0,10.346441428967045
257,Gavlar140489,192.0,35.0,546.0,0.5201465487480164,7150.0,23220.0,284.0,1.6301463842391968,11458.0,37852.0,8099.0,13.0,45951.0,3.2475524475524478,1.6025174825174826,11762.0,5.293986013986014
259,alexgruebler,539.0,19.0,1496.0,0.5207219123840332,9269.0,48915.0,779.0,1.3062046766281128,12547.0,63893.0,15074.0,16.0,78967.0,5.277268313733952,1.3536519581400366,36368.0,6.89319236163556
262,IAmNerotic,217.0,26.0,542.0,0.3044280409812927,5537.0,16378.0,165.0,1.8958969116210935,539.0,31051.0,4785.0,12.0,35836.0,2.957919450966227,0.09734513274336283,15839.0,5.60791042080549
263,ruudii95,319.0,44.0,595.0,0.211764708161354,6131.0,18387.0,126.0,1.273562788963318,5398.0,23417.0,6152.0,13.0,29569.0,2.9990213668243353,0.8804436470396346,12989.0,3.819442179089871
264,mvp_46,338.0,49.0,1179.0,0.9779474139213562,7283.0,61332.0,1153.0,1.0893172025680542,11957.0,66810.0,10458.0,19.0,77268.0,8.421254977344502,1.6417685019909378,49375.0,9.173417547713854
265,Emppu__89,426.0,58.0,817.0,0.1468788236379623,11708.0,25503.0,120.0,1.4017566442489624,7526.0,35749.0,13053.0,10.0,48802.0,2.1782541851725314,0.6428083361803895,17977.0,3.053382302699009
266,Bstash10,1000.0,494.0,132.0,0.7727272510528564,9229.0,25816.0,102.0,2.5066237449646,12225.0,64711.0,18798.0,13.0,83509.0,2.7972694766496913,1.3246288872033807,13591.0,7.0117022429298945
267,Pindaaaass,363.0,15.0,941.0,0.5685440897941589,7304.0,30129.0,535.0,1.7131003141403198,3522.0,51614.0,11422.0,19.0,63036.0,4.125,0.4822015334063527,26607.0,7.066538882803943
268,KhepraVIII,272.0,35.0,1154.0,0.8960138559341431,19639.0,77087.0,1034.0,0.9002944827079773,35811.0,69401.0,16900.0,16.0,86301.0,3.9251998574265494,1.8234635164723254,41276.0,3.5338357350170577
269,SteweyGriffn,251.0,97.0,1472.0,1.30298912525177,7046.0,32620.0,1918.0,1.719160079956055,8499.0,56079.0,11057.0,20.0,67136.0,4.62957706500142,1.20621629293216,24121.0,7.958983820607437
270,ottodens,1000.0,25.0,1130.0,0.7530973553657532,19159.0,81775.0,851.0,1.2397676706314087,27469.0,101382.0,16557.0,18.0,117939.0,4.268229030742732,1.433738712876455,54306.0,5.29161229709275
273,Hbk999ty,709.0,61.0,186.0,0.7365591526031494,5448.0,19883.0,137.0,1.5413670539855957,7875.0,30647.0,8418.0,12.0,39065.0,3.649596182085169,1.4454845814977975,12008.0,5.625367107195301
274,Remix2Ignition,748.0,81.0,823.0,0.4325637817382812,11163.0,38260.0,356.0,1.0815995931625366,3455.0,41382.0,11899.0,14.0,53281.0,3.4273940696945266,0.3095046134551644,34805.0,3.707067992475141
276,ChandoDiaz,743.0,21.0,570.0,0.4964912235736847,12575.0,39965.0,283.0,0.9274365305900574,829.0,37065.0,13993.0,14.0,51058.0,3.178131212723658,0.0659244532803181,39136.0,2.9475149105367793
279,UNPOPULAR_META,615.0,31.0,2314.0,2.1603283882141118,15827.0,148225.0,4999.0,1.2217170000076294,11024.0,181089.0,38888.0,33.0,219977.0,9.365325077399381,0.696531244076578,137201.0,11.441776710684273
280,SOME_GOOD_DUDE,224.0,50.0,385.0,0.4623376727104187,3994.0,10927.0,178.0,1.863640546798706,214.0,20364.0,3415.0,14.0,23779.0,2.7358537806710066,0.05358037055583375,10713.0,5.098647971957937
281,tickytitock,531.0,69.0,1033.0,0.7773475050926208,8849.0,41084.0,803.0,1.7231525182724,4386.0,70794.0,8810.0,24.0,79604.0,4.642784495423212,0.4956492259012318,36698.0,8.000226014238898
282,Nick91Mole,727.0,33.0,1116.0,0.8808243870735168,8243.0,46335.0,983.0,2.1358368396759038,17630.0,98964.0,19957.0,25.0,118921.0,5.621133082615553,2.1387844231469124,28705.0,12.00582312264952
283,harro_kitty,367.0,56.0,458.0,0.1200873330235481,7307.0,18575.0,55.0,1.3678061962127686,21839.0,25407.0,10106.0,14.0,35513.0,2.542082934172711,2.9887778842206103,-3264.0,3.4770767756945395
284,Faaris200,370.0,32.0,874.0,0.4416475892066955,7910.0,33618.0,386.0,1.155333399772644,7196.0,38840.0,11673.0,16.0,50513.0,4.250063211125158,0.9097345132743363,26422.0,4.910240202275601
286,Tomsci4,409.0,23.0,1349.0,0.4544106721878052,8910.0,38201.0,613.0,1.1785554885864258,3401.0,45022.0,8755.0,18.0,53777.0,4.287429854096521,0.381705948372615,34800.0,5.0529741863075195
288,rharwood300,585.0,10.0,457.0,0.1400437653064727,12160.0,26670.0,64.0,1.028758883476257,2806.0,27437.0,7092.0,9.0,34529.0,2.1932565789473686,0.23075657894736842,23864.0,2.256332236842105
289,TopShotazz,716.0,30.0,701.0,0.5249643325805664,10646.0,33547.0,368.0,1.434137225151062,13754.0,48111.0,11539.0,20.0,59650.0,3.1511365771181663,1.2919406349802742,19793.0,4.519162126620327
290,josepericopalote,883.0,24.0,578.0,0.1176470592617988,12717.0,32729.0,68.0,1.6730116605758667,14508.0,54756.0,12658.0,20.0,67414.0,2.573641582134151,1.1408351026185422,18221.0,4.305732484076433
292,rayanoux22,16.0,32.0,1475.0,0.2806779742240906,10260.0,43466.0,414.0,1.6715823411941528,6998.0,72657.0,13415.0,24.0,86072.0,4.2364522417154,0.6820662768031189,36468.0,7.081578947368421
293,Cypher_SLD,180.0,77.0,799.0,0.3742177784442901,4360.0,17672.0,299.0,1.333182454109192,1048.0,23560.0,6897.0,11.0,30457.0,4.053211009174312,0.24036697247706423,16624.0,5.4036697247706424
294,vr452887,574.0,13.0,1071.0,0.8132586479187012,10063.0,47677.0,871.0,1.270025372505188,11423.0,60551.0,8143.0,16.0,68694.0,4.7378515353274375,1.135148564046507,36254.0,6.017191692338269
295,aBeefyBoi,247.0,23.0,495.0,0.1797979772090912,6456.0,15885.0,89.0,1.6728990077972412,508.0,26574.0,5607.0,12.0,32181.0,2.4605018587360594,0.07868649318463444,15377.0,4.116171003717472
296,eR_CaLaDa_aMaRGa,477.0,23.0,1223.0,0.8830744028091431,9443.0,32827.0,1080.0,1.2624973058700562,5871.0,41444.0,8521.0,15.0,49965.0,3.4763316742560626,0.6217303822937625,26956.0,4.388859472625225
297,Umutkoca,215.0,156.0,635.0,0.4614173173904419,10449.0,35327.0,293.0,1.8119851350784304,21137.0,64012.0,16777.0,17.0,80789.0,3.3808976935591923,2.0228730022011674,14190.0,6.126136472389702
300,LOST_Beniboy_XD,22.0,11.0,6.0,0.5,1974.0,7794.0,3.0,1.0782653093338013,463.0,8404.0,1856.0,6.0,10260.0,3.9483282674772036,0.23454913880445796,7331.0,4.257345491388045
301,Ghost_Balor1916,24.0,8.0,47.0,0.1489361673593521,1939.0,8156.0,7.0,0.931093692779541,320.0,7594.0,1668.0,10.0,9262.0,4.206291903042805,0.16503352243424446,7836.0,3.9164517792676636
302,ghost_danjel,1.0,19.0,24.0,0.5,974.0,3839.0,12.0,1.0359468460083008,191.0,3977.0,1062.0,14.0,5039.0,3.9414784394250515,0.19609856262833675,3648.0,4.083162217659138
303,AmirBacha19,1.0,8.0,15.0,2.0,381.0,2042.0,30.0,0.971106767654419,86.0,1983.0,348.0,7.0,2331.0,5.359580052493438,0.22572178477690288,1956.0,5.2047244094488185
304,IV_40_kirtap,24.0,9.0,12.0,0.9166666865348816,2882.0,12125.0,11.0,0.9903505444526672,422.0,12008.0,2428.0,9.0,14436.0,4.207147814018043,0.14642609299097847,11703.0,4.166551006245663
