,name,level,record_longest_win_streak,losses,total_games_played,win_loss_ratio,games_played,deaths,wins,kd_ratio,suicides,kills,assists,record_kill_streak
0,-1,-1,-1,-1,-1,-1,-1,-1,-1,-1,-1,-1,-1,-1
1,marleydee1,688.0,227.0,419.0,8799.0,0.5369928479194641,8799.0,17236.0,225.0,3.626131296157837,7596.0,62500.0,18559.0,14.0
2,Stefo__SvK,1000.0,84.0,2025.0,18529.0,0.566419780254364,18529.0,71914.0,1147.0,2.009121894836426,3141.0,144484.0,27365.0,31.0
3,-1,-1,-1,-1,-1,-1,-1,-1,-1,-1,-1,-1,-1,-1
4,-1,-1,-1,-1,-1,-1,-1,-1,-1,-1,-1,-1,-1,-1
5,-1,-1,-1,-1,-1,-1,-1,-1,-1,-1,-1,-1,-1,-1
6,-1,-1,-1,-1,-1,-1,-1,-1,-1,-1,-1,-1,-1,-1
7,Vylxnz,1000.0,199.0,1447.0,14803.0,0.8742225170135498,14803.0,66305.0,1265.0,2.856828212738037,12549.0,189422.0,30556.0,28.0
8,-1,-1,-1,-1,-1,-1,-1,-1,-1,-1,-1,-1,-1,-1
9,xizf-,628.0,97.0,760.0,9159.0,0.40526315569877625,9159.0,23616.0,308.0,3.3609840869903564,4507.0,79373.0,11872.0,26.0
10,-1,-1,-1,-1,-1,-1,-1,-1,-1,-1,-1,-1,-1,-1
11,steviii77,1000.0,50.0,637.0,18020.0,0.8100470900535583,18020.0,67975.0,516.0,1.5742993354797363,26931.0,107013.0,26619.0,15.0
12,W2LLU,1000.0,63.0,733.0,8552.0,0.785811722278595,8552.0,21938.0,576.0,3.5495030879974365,1137.0,77869.0,15183.0,26.0
13,cx_pim,738.0,72.0,1595.0,15952.0,0.8075234889984131,15952.0,86304.0,1288.0,2.179713487625122,12978.0,188118.0,33344.0,26.0
14,-1,-1,-1,-1,-1,-1,-1,-1,-1,-1,-1,-1,-1,-1
15,kingbenja2001,1000.0,380.0,1136.0,10203.0,2.692781686782837,10203.0,79032.0,3059.0,2.490687370300293,3881.0,196844.0,32015.0,66.0
16,-1,-1,-1,-1,-1,-1,-1,-1,-1,-1,-1,-1,-1,-1
17,Donaldinihio,858.0,22.0,522.0,9236.0,0.501915693283081,9236.0,25833.0,262.0,2.4887547492980957,12429.0,64292.0,12574.0,22.0
18,-1,-1,-1,-1,-1,-1,-1,-1,-1,-1,-1,-1,-1,-1
19,-1,-1,-1,-1,-1,-1,-1,-1,-1,-1,-1,-1,-1,-1
20,-1,-1,-1,-1,-1,-1,-1,-1,-1,-1,-1,-1,-1,-1
21,-1,-1,-1,-1,-1,-1,-1,-1,-1,-1,-1,-1,-1,-1
22,-1,-1,-1,-1,-1,-1,-1,-1,-1,-1,-1,-1,-1,-1
23,TreKK_EU,185.0,141.0,896.0,11378.0,0.4955357015132904,11378.0,37624.0,444.0,3.3129384517669678,11636.0,124646.0,19746.0,25.0
24,-1,-1,-1,-1,-1,-1,-1,-1,-1,-1,-1,-1,-1,-1
25,ReLizZe,1000.0,209.0,851.0,12173.0,0.266745001077652,12173.0,28206.0,227.0,4.468446254730225,43912.0,126037.0,13287.0,13.0
26,-1,-1,-1,-1,-1,-1,-1,-1,-1,-1,-1,-1,-1,-1
27,-1,-1,-1,-1,-1,-1,-1,-1,-1,-1,-1,-1,-1,-1
28,-1,-1,-1,-1,-1,-1,-1,-1,-1,-1,-1,-1,-1,-1
29,-1,-1,-1,-1,-1,-1,-1,-1,-1,-1,-1,-1,-1,-1
30,Bob_Scrubbs,960.0,134.0,535.0,10173.0,0.9906542301177979,10173.0,24762.0,530.0,1.5205153226852417,646.0,37651.0,7399.0,13.0
31,-1,-1,-1,-1,-1,-1,-1,-1,-1,-1,-1,-1,-1,-1
32,-1,-1,-1,-1,-1,-1,-1,-1,-1,-1,-1,-1,-1,-1
33,-1,-1,-1,-1,-1,-1,-1,-1,-1,-1,-1,-1,-1,-1
34,-1,-1,-1,-1,-1,-1,-1,-1,-1,-1,-1,-1,-1,-1
35,-1,-1,-1,-1,-1,-1,-1,-1,-1,-1,-1,-1,-1,-1
36,Turles91,709.0,88.0,955.0,12429.0,0.291099488735199,12429.0,40135.0,278.0,2.205332040786743,716.0,88511.0,21636.0,21.0
37,Killers_Brunoz,556.0,37.0,1410.0,11353.0,0.5936170220375061,11353.0,36783.0,837.0,1.333414912223816,666.0,49047.0,7699.0,17.0
38,-1,-1,-1,-1,-1,-1,-1,-1,-1,-1,-1,-1,-1,-1
39,-1,-1,-1,-1,-1,-1,-1,-1,-1,-1,-1,-1,-1,-1
40,-1,-1,-1,-1,-1,-1,-1,-1,-1,-1,-1,-1,-1,-1
41,-1,-1,-1,-1,-1,-1,-1,-1,-1,-1,-1,-1,-1,-1
42,-1,-1,-1,-1,-1,-1,-1,-1,-1,-1,-1,-1,-1,-1
43,-1,-1,-1,-1,-1,-1,-1,-1,-1,-1,-1,-1,-1,-1
44,FLaSH-RaYo,943.0,40.0,496.0,10533.0,0.40120968222618103,10533.0,30788.0,199.0,2.6405093669891357,1388.0,81296.0,14891.0,18.0
45,-1,-1,-1,-1,-1,-1,-1,-1,-1,-1,-1,-1,-1,-1
46,Informaal--,1000.0,72.0,726.0,12595.0,0.8484848737716675,12595.0,55093.0,616.0,2.0130505561828613,22069.0,110905.0,20565.0,27.0
47,-1,-1,-1,-1,-1,-1,-1,-1,-1,-1,-1,-1,-1,-1
48,CbWeir,1000.0,106.0,971.0,8549.0,0.603501558303833,8549.0,37260.0,586.0,1.7349436283111572,8812.0,64644.0,15058.0,13.0
49,Yami_Sekai,783.0,83.0,2088.0,13220.0,0.6724137663841248,13220.0,76484.0,1404.0,1.5615161657333374,27119.0,119431.0,25175.0,24.0
50,SgtChop21,966.0,44.0,1196.0,12658.0,0.5008361339569092,12658.0,37287.0,599.0,1.71882963180542,19718.0,64090.0,15259.0,16.0
51,Killers_alemao,463.0,27.0,889.0,9071.0,0.5905511975288391,9071.0,35858.0,525.0,1.2664119005203247,9169.0,45411.0,10712.0,14.0
52,toobigtoohandle,1000.0,76.0,1029.0,11630.0,4.184645175933838,11630.0,65048.0,4306.0,3.8105552196502686,4661.0,247869.0,28676.0,73.0
53,-1,-1,-1,-1,-1,-1,-1,-1,-1,-1,-1,-1,-1,-1
54,englyst91,883.0,26.0,882.0,10264.0,0.5260770916938782,10264.0,37753.0,464.0,2.201122999191284,12299.0,83099.0,16929.0,19.0
55,Devin9sc,540.0,67.0,1329.0,8564.0,0.697516918182373,8564.0,46709.0,927.0,2.138688564300537,3128.0,99896.0,14302.0,23.0
56,wk-811,1000.0,64.0,2845.0,17026.0,0.81230229139328,17026.0,128896.0,2311.0,1.5522747039794922,6345.0,200082.0,41223.0,26.0
57,-1,-1,-1,-1,-1,-1,-1,-1,-1,-1,-1,-1,-1,-1
58,-1,-1,-1,-1,-1,-1,-1,-1,-1,-1,-1,-1,-1,-1
59,Do0Ikie,819.0,54.0,839.0,12899.0,0.547079861164093,12899.0,41502.0,459.0,2.1502819061279297,14831.0,89241.0,13318.0,21.0
60,CroFin93,931.0,121.0,2.0,8899.0,1.0,8899.0,19887.0,2.0,2.2349777221679688,4376.0,44447.0,18967.0,3.0
61,-1,-1,-1,-1,-1,-1,-1,-1,-1,-1,-1,-1,-1,-1
62,LordMajestic_98,1000.0,233.0,165.0,9295.0,0.4848484992980957,9295.0,17326.0,80.0,2.916426181793213,3263.0,50530.0,14052.0,13.0
63,-1,-1,-1,-1,-1,-1,-1,-1,-1,-1,-1,-1,-1,-1
64,Brad_0593,550.0,71.0,944.0,10379.0,0.23411017656326294,10379.0,30004.0,221.0,2.0584921836853027,15315.0,61763.0,14292.0,12.0
65,Latiino90,403.0,75.0,2298.0,12339.0,0.6044386625289917,12339.0,85490.0,1389.0,1.08694589138031,6705.0,92923.0,16801.0,21.0
66,-1,-1,-1,-1,-1,-1,-1,-1,-1,-1,-1,-1,-1,-1
67,Pamajino,330.0,27.0,2931.0,16504.0,0.7488911747932434,16504.0,91172.0,2195.0,1.8576536178588867,14132.0,169366.0,17374.0,31.0
68,el_Ciskin,689.0,27.0,835.0,13052.0,0.5053892135620117,13052.0,47247.0,422.0,1.8715262413024902,18674.0,88424.0,20075.0,26.0
69,Jerpotzki,1000.0,30.0,880.0,10034.0,0.4272727370262146,10034.0,34055.0,376.0,2.529672622680664,9407.0,86148.0,11750.0,21.0
70,ChiefSoulja1,142.0,100.0,964.0,7624.0,1.292531132698059,7624.0,40509.0,1246.0,2.1983015537261963,3351.0,89051.0,12307.0,32.0
71,Luki23,466.0,95.0,738.0,9890.0,0.024390242993831635,9890.0,18941.0,18.0,1.7760413885116577,12740.0,33640.0,6834.0,6.0
72,PKskinny105,775.0,34.0,576.0,14768.0,0.2881944477558136,14768.0,43442.0,166.0,1.439367413520813,36841.0,62529.0,13759.0,21.0
73,STYLERZ97,313.0,40.0,2919.0,12978.0,0.5810208916664124,12978.0,76610.0,1696.0,1.5026758909225464,10852.0,115120.0,18887.0,46.0
74,sgtsaad,1000.0,38.0,1309.0,12405.0,1.048128366470337,12405.0,83559.0,1372.0,1.4111825227737427,11002.0,117917.0,21721.0,31.0
75,DaGIove,571.0,220.0,1041.0,9039.0,0.6935638785362244,9039.0,31612.0,722.0,2.74958872795105,13944.0,86920.0,14631.0,31.0
76,Holkii_,184.0,22.0,1618.0,11155.0,0.46291717886924744,11155.0,42821.0,749.0,1.5193012952804565,3082.0,65058.0,11212.0,17.0
77,-1,-1,-1,-1,-1,-1,-1,-1,-1,-1,-1,-1,-1,-1
78,Coachello,451.0,30.0,780.0,9824.0,0.2064102590084076,9824.0,23614.0,161.0,2.1681206226348877,417.0,51198.0,9737.0,12.0
79,lil_munkki,843.0,54.0,405.0,10152.0,0.06172839552164078,10152.0,21968.0,25.0,1.705298662185669,5170.0,37462.0,10813.0,9.0
80,Pjanic_10_,490.0,69.0,9.0,8625.0,1.0,8625.0,20784.0,9.0,1.777424931526184,12703.0,36942.0,14568.0,11.0
81,ZeKky_59,451.0,67.0,568.0,10064.0,0.48063379526138306,10064.0,32357.0,273.0,1.7189480066299438,8802.0,55620.0,12045.0,33.0
82,-1,-1,-1,-1,-1,-1,-1,-1,-1,-1,-1,-1,-1,-1
83,Woutiee23,481.0,31.0,2234.0,10375.0,0.7269471883773804,10375.0,82591.0,1624.0,1.6612584590911865,1970.0,137205.0,31231.0,19.0
84,Qyxx_010,533.0,45.0,469.0,5686.0,0.37526652216911316,5686.0,16965.0,176.0,2.749837875366211,4369.0,46651.0,10427.0,20.0
85,-1,-1,-1,-1,-1,-1,-1,-1,-1,-1,-1,-1,-1,-1
86,-1,-1,-1,-1,-1,-1,-1,-1,-1,-1,-1,-1,-1,-1
87,-1,-1,-1,-1,-1,-1,-1,-1,-1,-1,-1,-1,-1,-1
88,-1,-1,-1,-1,-1,-1,-1,-1,-1,-1,-1,-1,-1,-1
89,-1,-1,-1,-1,-1,-1,-1,-1,-1,-1,-1,-1,-1,-1
90,-1,-1,-1,-1,-1,-1,-1,-1,-1,-1,-1,-1,-1,-1
91,CristianDxster-,325.0,62.0,885.0,8968.0,0.14689265191555023,8968.0,21634.0,130.0,2.5583341121673584,3121.0,55347.0,8378.0,12.0
92,alurcerita,309.0,32.0,1958.0,13577.0,0.5153217315673828,13577.0,70623.0,1009.0,1.0053240060806274,5955.0,70999.0,23483.0,12.0
93,CigarMotive,364.0,65.0,463.0,9270.0,0.6673865914344788,9270.0,32305.0,309.0,1.026745080947876,7276.0,33169.0,11630.0,14.0
94,-1,-1,-1,-1,-1,-1,-1,-1,-1,-1,-1,-1,-1,-1
95,grover004,554.0,95.0,575.0,8089.0,0.5408695936203003,8089.0,29222.0,311.0,1.8766340017318726,10867.0,54839.0,10899.0,19.0
96,holyshepp,1000.0,65.0,142.0,13379.0,0.6971830725669861,13379.0,32803.0,99.0,2.371978282928467,32403.0,77808.0,17463.0,13.0
97,Jammer44,752.0,63.0,726.0,9112.0,0.5964187383651733,9112.0,23377.0,433.0,1.8404414653778076,3691.0,43024.0,13358.0,14.0
98,-1,-1,-1,-1,-1,-1,-1,-1,-1,-1,-1,-1,-1,-1
99,-1,-1,-1,-1,-1,-1,-1,-1,-1,-1,-1,-1,-1,-1
100,-1,-1,-1,-1,-1,-1,-1,-1,-1,-1,-1,-1,-1,-1
101,-1,-1,-1,-1,-1,-1,-1,-1,-1,-1,-1,-1,-1,-1
102,Killers_Lucas,282.0,34.0,1495.0,9662.0,0.5993310809135437,9662.0,47333.0,896.0,1.3326431512832642,1658.0,63078.0,12706.0,26.0
103,Pooiyer,476.0,67.0,828.0,10596.0,0.512077271938324,10596.0,35118.0,424.0,2.5793325901031494,17895.0,90581.0,13083.0,24.0
104,lewinjo,755.0,49.0,995.0,8927.0,0.4814070463180542,8927.0,37809.0,479.0,1.695389986038208,21572.0,64101.0,16845.0,14.0
105,Stellaswift,437.0,44.0,385.0,7704.0,0.051948051899671555,7704.0,16515.0,20.0,1.6987587213516235,4578.0,28055.0,8498.0,9.0
106,peekay_4,436.0,100.0,1353.0,9975.0,1.3835920095443726,9975.0,42180.0,1872.0,2.327667236328125,987.0,98181.0,14348.0,36.0
107,-1,-1,-1,-1,-1,-1,-1,-1,-1,-1,-1,-1,-1,-1
108,mgsalahu,403.0,38.0,1754.0,12832.0,0.6391106247901917,12832.0,37810.0,1121.0,1.7290663719177246,2804.0,65376.0,11527.0,14.0
109,c_haynes7,124.0,29.0,1079.0,7389.0,0.7729378938674927,7389.0,23180.0,834.0,2.2036237716674805,223.0,51080.0,6479.0,23.0
110,Langerdahl,1000.0,84.0,1685.0,14897.0,1.5234421491622925,14897.0,56350.0,2567.0,2.050079822540283,7769.0,115522.0,17496.0,29.0
111,-1,-1,-1,-1,-1,-1,-1,-1,-1,-1,-1,-1,-1,-1
112,Bund_Killer,182.0,51.0,909.0,7461.0,0.817381739616394,7461.0,32836.0,743.0,1.5468388795852661,7307.0,50792.0,9212.0,15.0
113,Slick_D___,609.0,68.0,1372.0,9419.0,0.8870262503623962,9419.0,55541.0,1217.0,1.312687873840332,11926.0,72908.0,19547.0,14.0
114,Faydal_EU,789.0,228.0,970.0,5935.0,0.7185567021369934,5935.0,23613.0,697.0,2.2393596172332764,7824.0,52878.0,10033.0,26.0
115,-1,-1,-1,-1,-1,-1,-1,-1,-1,-1,-1,-1,-1,-1
116,Da_DoM91,1000.0,42.0,1398.0,14496.0,0.7081544995307922,14496.0,70212.0,990.0,1.1884008646011353,15034.0,83440.0,15488.0,16.0
117,-1,-1,-1,-1,-1,-1,-1,-1,-1,-1,-1,-1,-1,-1
118,-1,-1,-1,-1,-1,-1,-1,-1,-1,-1,-1,-1,-1,-1
119,-1,-1,-1,-1,-1,-1,-1,-1,-1,-1,-1,-1,-1,-1
120,Jeroen073_,22.0,54.0,1404.0,7208.0,0.7307692170143127,7208.0,37303.0,1026.0,1.757016897201538,1286.0,65542.0,13456.0,17.0
121,iamExpel,374.0,42.0,636.0,9417.0,0.5157232880592346,9417.0,24742.0,328.0,2.8985934257507324,12676.0,71717.0,11353.0,17.0
122,Marchantje,712.0,61.0,969.0,10577.0,0.4117647111415863,10577.0,40495.0,399.0,1.1849857568740845,12788.0,47986.0,12690.0,20.0
123,-1,-1,-1,-1,-1,-1,-1,-1,-1,-1,-1,-1,-1,-1
124,-1,-1,-1,-1,-1,-1,-1,-1,-1,-1,-1,-1,-1,-1
125,itsgabriel-24,151.0,36.0,890.0,6533.0,0.5685393214225769,6533.0,23310.0,506.0,2.1198198795318604,3055.0,49413.0,6404.0,27.0
126,-1,-1,-1,-1,-1,-1,-1,-1,-1,-1,-1,-1,-1,-1
127,-1,-1,-1,-1,-1,-1,-1,-1,-1,-1,-1,-1,-1,-1
128,Nick__Collins,500.0,44.0,105.0,5804.0,0.7047619223594666,5804.0,12879.0,74.0,1.1726065874099731,4521.0,15102.0,4762.0,11.0
129,Ripacash,795.0,90.0,687.0,8502.0,0.4294032156467438,8502.0,30585.0,295.0,1.7566454410552979,5350.0,53727.0,13171.0,12.0
130,-1,-1,-1,-1,-1,-1,-1,-1,-1,-1,-1,-1,-1,-1
131,-1,-1,-1,-1,-1,-1,-1,-1,-1,-1,-1,-1,-1,-1
132,you_shot_me44,742.0,16.0,664.0,12086.0,0.4397590458393097,12086.0,28819.0,292.0,1.3484159708023071,687.0,38860.0,8916.0,13.0
133,CarryTheBackPack,592.0,56.0,2016.0,9628.0,0.7301587462425232,9628.0,47046.0,1472.0,2.138545274734497,9031.0,100610.0,13364.0,35.0
134,mmex,202.0,38.0,833.0,10843.0,0.7887154817581177,10843.0,41910.0,657.0,1.6283941268920898,19105.0,68246.0,13748.0,14.0
135,lewsley89,269.0,20.0,753.0,9454.0,0.7476759552955627,9454.0,30467.0,563.0,1.489053726196289,4733.0,45367.0,9584.0,14.0
136,stan1sh,445.0,20.0,1040.0,12389.0,0.42788460850715637,12389.0,38973.0,445.0,1.4211376905441284,1949.0,55386.0,7137.0,27.0
137,KUO_89,221.0,103.0,512.0,5767.0,0.42578125,5767.0,18054.0,218.0,1.7445995807647705,2178.0,31497.0,8710.0,20.0
138,Sztifler21,573.0,47.0,1857.0,13551.0,0.8239095211029053,13551.0,90569.0,1530.0,1.1046605110168457,2960.0,100048.0,26902.0,15.0
139,RogerRocket_24,642.0,72.0,778.0,11400.0,0.18637531995773315,11400.0,32183.0,145.0,0.901314377784729,1875.0,29007.0,11171.0,13.0
140,joey90sbaby,400.0,53.0,463.0,10305.0,0.6868250370025635,10305.0,32718.0,318.0,1.3686350584030151,3587.0,44779.0,13286.0,13.0
141,-1,-1,-1,-1,-1,-1,-1,-1,-1,-1,-1,-1,-1,-1
142,-1,-1,-1,-1,-1,-1,-1,-1,-1,-1,-1,-1,-1,-1
143,Dashley365,475.0,23.0,1191.0,9240.0,0.5902602672576904,9240.0,39457.0,703.0,1.3025825023651123,14628.0,51396.0,10661.0,22.0
144,-1,-1,-1,-1,-1,-1,-1,-1,-1,-1,-1,-1,-1,-1
145,ZedKay__,779.0,49.0,2183.0,11451.0,0.8841044306755066,11451.0,54493.0,1930.0,1.9483236074447632,5338.0,106170.0,15080.0,28.0
146,-1,-1,-1,-1,-1,-1,-1,-1,-1,-1,-1,-1,-1,-1
147,Ghostkill_BEL,521.0,21.0,563.0,5570.0,0.6500887870788574,5570.0,14177.0,366.0,2.61846661567688,2545.0,37122.0,8632.0,19.0
148,-1,-1,-1,-1,-1,-1,-1,-1,-1,-1,-1,-1,-1,-1
149,Jaromirr,588.0,60.0,2525.0,11903.0,0.45148515701293945,11903.0,63582.0,1140.0,1.6047937870025635,10072.0,102036.0,18855.0,19.0
150,-1,-1,-1,-1,-1,-1,-1,-1,-1,-1,-1,-1,-1,-1
151,-1,-1,-1,-1,-1,-1,-1,-1,-1,-1,-1,-1,-1,-1
152,I-C-U_SRB,613.0,18.0,349.0,8339.0,0.9914039969444275,8339.0,26388.0,346.0,1.6676520109176636,9348.0,44006.0,8815.0,20.0
153,Jp-4tw,153.0,36.0,856.0,6826.0,0.59112149477005,6826.0,24586.0,506.0,1.5859025716781616,4417.0,38991.0,7079.0,14.0
154,alex9795,622.0,47.0,2345.0,13441.0,0.9036247134208679,13441.0,60709.0,2119.0,1.7624075412750244,897.0,106994.0,21614.0,22.0
155,-1,-1,-1,-1,-1,-1,-1,-1,-1,-1,-1,-1,-1,-1
156,Vaabelz,829.0,33.0,476.0,9240.0,0.569327712059021,9240.0,26555.0,271.0,1.654980182647705,3099.0,43948.0,9949.0,11.0
157,-1,-1,-1,-1,-1,-1,-1,-1,-1,-1,-1,-1,-1,-1
158,-1,-1,-1,-1,-1,-1,-1,-1,-1,-1,-1,-1,-1,-1
159,-1,-1,-1,-1,-1,-1,-1,-1,-1,-1,-1,-1,-1,-1
160,iCrankedX,8.0,18.0,607.0,8345.0,0.17957165837287903,8345.0,22039.0,109.0,1.833976149559021,981.0,40419.0,7486.0,12.0
161,snake2conqueror,588.0,57.0,1099.0,10534.0,0.6542311310768127,10534.0,38435.0,719.0,2.3205671310424805,5716.0,89191.0,18701.0,40.0
162,-1,-1,-1,-1,-1,-1,-1,-1,-1,-1,-1,-1,-1,-1
163,-1,-1,-1,-1,-1,-1,-1,-1,-1,-1,-1,-1,-1,-1
164,drwn21,250.0,35.0,954.0,6137.0,0.4318658411502838,6137.0,24223.0,412.0,1.4314494132995605,6768.0,34674.0,8731.0,13.0
165,maggi_mix88,713.0,45.0,1515.0,12855.0,1.033003330230713,12855.0,50947.0,1565.0,1.746874213218689,32748.0,88998.0,15340.0,17.0
166,DREAMbordeaux,494.0,25.0,1820.0,14209.0,0.8895604610443115,14209.0,80630.0,1619.0,1.6384347677230835,9049.0,132107.0,19089.0,33.0
167,Breguuu,497.0,47.0,1627.0,13729.0,0.29625076055526733,13729.0,55561.0,482.0,1.2938752174377441,17508.0,71889.0,13367.0,14.0
168,-1,-1,-1,-1,-1,-1,-1,-1,-1,-1,-1,-1,-1,-1
169,-1,-1,-1,-1,-1,-1,-1,-1,-1,-1,-1,-1,-1,-1
170,CallMeSnowyyYT_G,97.0,28.0,690.0,11083.0,0.3797101378440857,11083.0,28283.0,262.0,2.320758104324341,3794.0,65638.0,8491.0,28.0
171,-1,-1,-1,-1,-1,-1,-1,-1,-1,-1,-1,-1,-1,-1
172,jordro1213,837.0,40.0,244.0,13031.0,0.06147541105747223,13031.0,30896.0,15.0,1.8798550367355347,8539.0,58080.0,11630.0,6.0
173,TommyGun392,756.0,34.0,2335.0,13199.0,0.9434689283370972,13199.0,82422.0,2203.0,1.4343864917755127,9364.0,118225.0,18296.0,21.0
174,-1,-1,-1,-1,-1,-1,-1,-1,-1,-1,-1,-1,-1,-1
175,-1,-1,-1,-1,-1,-1,-1,-1,-1,-1,-1,-1,-1,-1
176,WarrenG0885,1000.0,50.0,18.0,11147.0,0.6111111044883728,11147.0,24843.0,11.0,1.5281165838241577,3313.0,37963.0,9468.0,11.0
177,J-Braderzz,307.0,73.0,750.0,6015.0,1.1693333387374878,6015.0,27434.0,877.0,2.024458646774292,950.0,55539.0,11078.0,36.0
178,Mategg04,297.0,21.0,1143.0,9445.0,0.715660572052002,9445.0,43169.0,818.0,1.6334869861602783,13135.0,70516.0,14170.0,15.0
179,Chrispy_AF,632.0,62.0,436.0,6498.0,0.39908257126808167,6498.0,17970.0,174.0,1.877462387084961,8473.0,33738.0,7384.0,18.0
180,GoldBear94,679.0,42.0,1091.0,8893.0,0.4344637989997864,8893.0,32803.0,474.0,2.065725803375244,7150.0,67762.0,13963.0,16.0
181,-1,-1,-1,-1,-1,-1,-1,-1,-1,-1,-1,-1,-1,-1
182,MitchDEnriquez,459.0,60.0,777.0,8377.0,0.5006434917449951,8377.0,29034.0,389.0,2.148343324661255,12718.0,62375.0,9020.0,22.0
183,Erwern,170.0,35.0,1394.0,7281.0,0.6484935283660889,7281.0,52825.0,904.0,1.396838665008545,4197.0,73788.0,11983.0,17.0
184,oporta10,357.0,18.0,654.0,6438.0,0.18501529097557068,6438.0,17881.0,121.0,1.2730271816253662,560.0,22763.0,4278.0,14.0
185,Harrawr,47.0,100.0,442.0,10110.0,0.0656108632683754,10110.0,20686.0,29.0,1.261529564857483,541.0,26096.0,4110.0,11.0
186,-1,-1,-1,-1,-1,-1,-1,-1,-1,-1,-1,-1,-1,-1
187,parce31,413.0,28.0,1101.0,15989.0,0.2234332412481308,15989.0,40001.0,246.0,1.5772355794906616,24975.0,63091.0,11531.0,12.0
188,-1,-1,-1,-1,-1,-1,-1,-1,-1,-1,-1,-1,-1,-1
189,-1,-1,-1,-1,-1,-1,-1,-1,-1,-1,-1,-1,-1,-1
190,-1,-1,-1,-1,-1,-1,-1,-1,-1,-1,-1,-1,-1,-1
191,Heshy070-_-,145.0,21.0,720.0,11287.0,0.7708333134651184,11287.0,41326.0,555.0,1.788583517074585,9267.0,73915.0,11632.0,20.0
192,Unl1m1t3d-sh0ts,839.0,13.0,1496.0,16728.0,0.5548128485679626,16728.0,61229.0,830.0,1.4640448093414307,18243.0,89642.0,18412.0,19.0
193,DonkeyKriss,311.0,42.0,882.0,8398.0,0.30385488271713257,8398.0,28520.0,268.0,1.077699899673462,1202.0,30736.0,7026.0,14.0
194,Mr_Smeagol1995,809.0,98.0,1814.0,20497.0,0.47684675455093384,20497.0,82849.0,865.0,1.5771946907043457,4137.0,130669.0,32617.0,21.0
195,as-creed-II,242.0,23.0,563.0,4996.0,0.27531084418296814,4996.0,11748.0,155.0,1.5018726587295532,607.0,17644.0,2915.0,14.0
196,-1,-1,-1,-1,-1,-1,-1,-1,-1,-1,-1,-1,-1,-1
197,-1,-1,-1,-1,-1,-1,-1,-1,-1,-1,-1,-1,-1,-1
198,-1,-1,-1,-1,-1,-1,-1,-1,-1,-1,-1,-1,-1,-1
199,Praven_2,459.0,20.0,865.0,6333.0,0.44393062591552734,6333.0,29447.0,384.0,1.575882077217102,9987.0,46405.0,8756.0,19.0
200,King-o-Scotland7,918.0,66.0,772.0,12070.0,0.14507772028446198,12070.0,30992.0,112.0,1.316436529159546,12889.0,40799.0,8934.0,14.0
201,-1,-1,-1,-1,-1,-1,-1,-1,-1,-1,-1,-1,-1,-1
202,-1,-1,-1,-1,-1,-1,-1,-1,-1,-1,-1,-1,-1,-1
203,DeKoudeJager,363.0,25.0,571.0,8509.0,0.045534148812294006,8509.0,23830.0,26.0,1.5451531410217285,5743.0,36821.0,10012.0,9.0
204,DeckKeetz,722.0,45.0,412.0,7832.0,0.6601941585540771,7832.0,24036.0,272.0,1.9385088682174683,10249.0,46594.0,12511.0,13.0
205,-1,-1,-1,-1,-1,-1,-1,-1,-1,-1,-1,-1,-1,-1
206,-1,-1,-1,-1,-1,-1,-1,-1,-1,-1,-1,-1,-1,-1
207,TTV-NRG46,901.0,103.0,1026.0,8552.0,2.622807025909424,8552.0,67330.0,2691.0,1.8627803325653076,4413.0,125421.0,16684.0,32.0
208,-1,-1,-1,-1,-1,-1,-1,-1,-1,-1,-1,-1,-1,-1
209,-1,-1,-1,-1,-1,-1,-1,-1,-1,-1,-1,-1,-1,-1
210,-1,-1,-1,-1,-1,-1,-1,-1,-1,-1,-1,-1,-1,-1
211,-1,-1,-1,-1,-1,-1,-1,-1,-1,-1,-1,-1,-1,-1
212,g_dvbbz20,267.0,57.0,831.0,5672.0,0.6209385991096497,5672.0,21646.0,516.0,1.2723828554153442,7282.0,27542.0,8374.0,13.0
213,Vluggerobin,393.0,48.0,522.0,6185.0,0.7318007946014404,6185.0,22025.0,382.0,1.6947559118270874,5630.0,37327.0,7616.0,18.0
214,glubberer0205,482.0,41.0,542.0,10698.0,0.6900368928909302,10698.0,27790.0,374.0,2.1267001628875732,13487.0,59101.0,9951.0,17.0
215,emirtzoff,684.0,27.0,746.0,10612.0,0.22386059165000916,10612.0,26313.0,167.0,1.69988214969635,7247.0,44729.0,10373.0,17.0
216,-1,-1,-1,-1,-1,-1,-1,-1,-1,-1,-1,-1,-1,-1
217,PutiinYou2Sleep,31.0,19.0,1149.0,8714.0,0.4403829276561737,8714.0,37535.0,506.0,1.4938057661056519,1020.0,56070.0,11323.0,19.0
218,-1,-1,-1,-1,-1,-1,-1,-1,-1,-1,-1,-1,-1,-1
219,-1,-1,-1,-1,-1,-1,-1,-1,-1,-1,-1,-1,-1,-1
220,Maycon_RS,904.0,57.0,2382.0,17310.0,0.38790932297706604,17310.0,78804.0,924.0,1.4115272760391235,13274.0,111234.0,23020.0,23.0
221,-1,-1,-1,-1,-1,-1,-1,-1,-1,-1,-1,-1,-1,-1
222,HAX_Moj0,290.0,47.0,9.0,3306.0,2.0,3306.0,7318.0,18.0,3.1138288974761963,141.0,22787.0,5206.0,11.0
223,reconventie,279.0,66.0,510.0,5222.0,0.05882352963089943,5222.0,11342.0,30.0,2.0808498859405518,245.0,23601.0,5994.0,11.0
224,Buff_J,757.0,41.0,856.0,12576.0,0.7464953064918518,12576.0,52343.0,639.0,1.0693120956420898,23937.0,55971.0,19394.0,35.0
225,-1,-1,-1,-1,-1,-1,-1,-1,-1,-1,-1,-1,-1,-1
226,vqcci,1000.0,46.0,732.0,8137.0,0.4125683009624481,8137.0,25377.0,302.0,2.1997478008270264,5065.0,55823.0,9818.0,30.0
227,Brooleeg,786.0,88.0,1115.0,7430.0,0.8403587341308594,7430.0,40512.0,937.0,1.449990153312683,6387.0,58742.0,13416.0,17.0
228,-1,-1,-1,-1,-1,-1,-1,-1,-1,-1,-1,-1,-1,-1
229,matt93mcg,782.0,42.0,2214.0,20090.0,0.6982836723327637,20090.0,71854.0,1546.0,1.5425446033477783,26882.0,110838.0,16756.0,14.0
230,-1,-1,-1,-1,-1,-1,-1,-1,-1,-1,-1,-1,-1,-1
231,-1,-1,-1,-1,-1,-1,-1,-1,-1,-1,-1,-1,-1,-1
232,-1,-1,-1,-1,-1,-1,-1,-1,-1,-1,-1,-1,-1,-1
233,LaVida89,491.0,17.0,431.0,9440.0,0.26218098402023315,9440.0,20948.0,113.0,1.8851919174194336,547.0,39491.0,7262.0,11.0
234,HOWELL1993,217.0,24.0,684.0,5253.0,0.8888888955116272,5253.0,14121.0,608.0,1.7830890417099,1929.0,25179.0,4749.0,14.0
235,-1,-1,-1,-1,-1,-1,-1,-1,-1,-1,-1,-1,-1,-1
236,G_a_j_a_n_9,1000.0,33.0,1012.0,18632.0,0.17984189093112946,18632.0,50686.0,182.0,1.2647279500961304,35287.0,64104.0,16717.0,12.0
237,JoneillF24,732.0,13.0,694.0,9648.0,0.19452449679374695,9648.0,25763.0,135.0,1.3590031862258911,4768.0,35012.0,12192.0,14.0
238,Markoudshoorn10,252.0,67.0,395.0,5104.0,0.39746835827827454,5104.0,13573.0,157.0,1.7741103172302246,1972.0,24080.0,5588.0,20.0
239,Hernandez-512-,272.0,64.0,574.0,9769.0,0.4268292784690857,9769.0,25620.0,245.0,1.8833333253860474,3895.0,48251.0,8951.0,13.0
240,-1,-1,-1,-1,-1,-1,-1,-1,-1,-1,-1,-1,-1,-1
241,WestBoyChris,472.0,34.0,953.0,11158.0,0.4952780604362488,11158.0,33802.0,472.0,1.279539704322815,17227.0,43251.0,10949.0,14.0
242,Cc3FyneSt15,766.0,45.0,582.0,10792.0,0.3161512017250061,10792.0,35248.0,184.0,1.3642759323120117,18523.0,48088.0,9200.0,18.0
243,-1,-1,-1,-1,-1,-1,-1,-1,-1,-1,-1,-1,-1,-1
244,mwins19,371.0,33.0,960.0,6734.0,0.4208333194255829,6734.0,26424.0,404.0,0.938502848148346,1618.0,24799.0,6595.0,12.0
245,xstuntinx,354.0,36.0,1011.0,7750.0,0.613254189491272,7750.0,25223.0,620.0,1.536534070968628,2372.0,38756.0,10495.0,13.0
246,amin_usman,428.0,26.0,504.0,8080.0,0.52182537317276,8080.0,26496.0,263.0,1.760001540184021,3291.0,46633.0,11580.0,15.0
247,playyerfly,257.0,16.0,1328.0,9051.0,0.11746987700462341,9051.0,25171.0,156.0,1.274363398551941,8466.0,32077.0,9027.0,12.0
248,-1,-1,-1,-1,-1,-1,-1,-1,-1,-1,-1,-1,-1,-1
249,Twitch-Molexis_,440.0,35.0,2110.0,8550.0,0.8838862776756287,8550.0,55544.0,1865.0,1.3940119743347168,3058.0,77429.0,16090.0,34.0
250,-1,-1,-1,-1,-1,-1,-1,-1,-1,-1,-1,-1,-1,-1
251,-1,-1,-1,-1,-1,-1,-1,-1,-1,-1,-1,-1,-1,-1
252,Googes__,305.0,48.0,1076.0,9058.0,0.8689591288566589,9058.0,49292.0,935.0,1.4710297584533691,1243.0,72510.0,14230.0,36.0
253,graegoose86,331.0,83.0,1842.0,8962.0,0.6281216144561768,8962.0,55036.0,1157.0,1.001926064491272,5187.0,55142.0,17852.0,12.0
254,HELPHS,355.0,32.0,4.0,6559.0,1.5,6559.0,16191.0,6.0,1.2324748039245605,5461.0,19955.0,7032.0,5.0
255,Paydox,582.0,21.0,478.0,10398.0,0.027196653187274933,10398.0,21359.0,13.0,2.0372676849365234,1233.0,43514.0,6088.0,8.0
256,LieutenantProof,808.0,58.0,402.0,3611.0,1.0447760820388794,3611.0,21535.0,420.0,1.7348966598510742,2647.0,37361.0,9272.0,28.0
257,Gavlar140489,192.0,35.0,546.0,7150.0,0.5201465487480164,7150.0,23220.0,284.0,1.6301463842391968,11458.0,37852.0,8099.0,13.0
258,-1,-1,-1,-1,-1,-1,-1,-1,-1,-1,-1,-1,-1,-1
259,alexgruebler,539.0,19.0,1496.0,9269.0,0.5207219123840332,9269.0,48915.0,779.0,1.3062046766281128,12547.0,63893.0,15074.0,16.0
260,-1,-1,-1,-1,-1,-1,-1,-1,-1,-1,-1,-1,-1,-1
261,-1,-1,-1,-1,-1,-1,-1,-1,-1,-1,-1,-1,-1,-1
262,IAmNerotic,217.0,26.0,542.0,5537.0,0.3044280409812927,5537.0,16378.0,165.0,1.8958969116210938,539.0,31051.0,4785.0,12.0
263,ruudii95,319.0,44.0,595.0,6131.0,0.21176470816135406,6131.0,18387.0,126.0,1.2735627889633179,5398.0,23417.0,6152.0,13.0
264,mvp_46,338.0,49.0,1179.0,7283.0,0.9779474139213562,7283.0,61332.0,1153.0,1.0893172025680542,11957.0,66810.0,10458.0,19.0
265,Emppu__89,426.0,58.0,817.0,11708.0,0.14687882363796234,11708.0,25503.0,120.0,1.4017566442489624,7526.0,35749.0,13053.0,10.0
266,Bstash10,1000.0,494.0,132.0,9229.0,0.7727272510528564,9229.0,25816.0,102.0,2.5066237449645996,12225.0,64711.0,18798.0,13.0
267,Pindaaaass,363.0,15.0,941.0,7304.0,0.5685440897941589,7304.0,30129.0,535.0,1.7131003141403198,3522.0,51614.0,11422.0,19.0
268,KhepraVIII,272.0,35.0,1154.0,19639.0,0.8960138559341431,19639.0,77087.0,1034.0,0.9002944827079773,35811.0,69401.0,16900.0,16.0
269,SteweyGriffn,251.0,97.0,1472.0,7046.0,1.30298912525177,7046.0,32620.0,1918.0,1.7191600799560547,8499.0,56079.0,11057.0,20.0
270,ottodens,1000.0,25.0,1130.0,19159.0,0.7530973553657532,19159.0,81775.0,851.0,1.2397676706314087,27469.0,101382.0,16557.0,18.0
271,-1,-1,-1,-1,-1,-1,-1,-1,-1,-1,-1,-1,-1,-1
272,-1,-1,-1,-1,-1,-1,-1,-1,-1,-1,-1,-1,-1,-1
273,Hbk999ty,709.0,61.0,186.0,5448.0,0.7365591526031494,5448.0,19883.0,137.0,1.5413670539855957,7875.0,30647.0,8418.0,12.0
274,Remix2Ignition,748.0,81.0,823.0,11163.0,0.43256378173828125,11163.0,38260.0,356.0,1.0815995931625366,3455.0,41382.0,11899.0,14.0
275,-1,-1,-1,-1,-1,-1,-1,-1,-1,-1,-1,-1,-1,-1
276,ChandoDiaz,743.0,21.0,570.0,12575.0,0.4964912235736847,12575.0,39965.0,283.0,0.9274365305900574,829.0,37065.0,13993.0,14.0
277,-1,-1,-1,-1,-1,-1,-1,-1,-1,-1,-1,-1,-1,-1
278,-1,-1,-1,-1,-1,-1,-1,-1,-1,-1,-1,-1,-1,-1
279,UNPOPULAR_META,615.0,31.0,2314.0,15827.0,2.1603283882141113,15827.0,148225.0,4999.0,1.2217170000076294,11024.0,181089.0,38888.0,33.0
280,SOME_GOOD_DUDE,224.0,50.0,385.0,3994.0,0.4623376727104187,3994.0,10927.0,178.0,1.863640546798706,214.0,20364.0,3415.0,14.0
281,tickytitock,531.0,69.0,1033.0,8849.0,0.7773475050926208,8849.0,41084.0,803.0,1.7231525182724,4386.0,70794.0,8810.0,24.0
282,Nick91Mole,727.0,33.0,1116.0,8243.0,0.8808243870735168,8243.0,46335.0,983.0,2.1358368396759033,17630.0,98964.0,19957.0,25.0
283,harro_kitty,367.0,56.0,458.0,7307.0,0.12008733302354813,7307.0,18575.0,55.0,1.3678061962127686,21839.0,25407.0,10106.0,14.0
284,Faaris200,370.0,32.0,874.0,7910.0,0.44164758920669556,7910.0,33618.0,386.0,1.155333399772644,7196.0,38840.0,11673.0,16.0
285,-1,-1,-1,-1,-1,-1,-1,-1,-1,-1,-1,-1,-1,-1
286,Tomsci4,409.0,23.0,1349.0,8910.0,0.4544106721878052,8910.0,38201.0,613.0,1.1785554885864258,3401.0,45022.0,8755.0,18.0
287,-1,-1,-1,-1,-1,-1,-1,-1,-1,-1,-1,-1,-1,-1
288,rharwood300,585.0,10.0,457.0,12160.0,0.14004376530647278,12160.0,26670.0,64.0,1.0287588834762573,2806.0,27437.0,7092.0,9.0
289,TopShotazz,716.0,30.0,701.0,10646.0,0.5249643325805664,10646.0,33547.0,368.0,1.434137225151062,13754.0,48111.0,11539.0,20.0
290,josepericopalote,883.0,24.0,578.0,12717.0,0.11764705926179886,12717.0,32729.0,68.0,1.6730116605758667,14508.0,54756.0,12658.0,20.0
291,-1,-1,-1,-1,-1,-1,-1,-1,-1,-1,-1,-1,-1,-1
292,rayanoux22,16.0,32.0,1475.0,10260.0,0.2806779742240906,10260.0,43466.0,414.0,1.6715823411941528,6998.0,72657.0,13415.0,24.0
293,Cypher_SLD,180.0,77.0,799.0,4360.0,0.37421777844429016,4360.0,17672.0,299.0,1.333182454109192,1048.0,23560.0,6897.0,11.0
294,vr452887,574.0,13.0,1071.0,10063.0,0.8132586479187012,10063.0,47677.0,871.0,1.270025372505188,11423.0,60551.0,8143.0,16.0
295,aBeefyBoi,247.0,23.0,495.0,6456.0,0.1797979772090912,6456.0,15885.0,89.0,1.6728990077972412,508.0,26574.0,5607.0,12.0
296,eR_CaLaDa_aMaRGa,477.0,23.0,1223.0,9443.0,0.8830744028091431,9443.0,32827.0,1080.0,1.2624973058700562,5871.0,41444.0,8521.0,15.0
297,Umutkoca,215.0,156.0,635.0,10449.0,0.4614173173904419,10449.0,35327.0,293.0,1.8119851350784302,21137.0,64012.0,16777.0,17.0
298,-1,-1,-1,-1,-1,-1,-1,-1,-1,-1,-1,-1,-1,-1
299,-1,-1,-1,-1,-1,-1,-1,-1,-1,-1,-1,-1,-1,-1
300,LOST_Beniboy_XD,22.0,11.0,6.0,1974.0,0.5,1974.0,7794.0,3.0,1.0782653093338013,463.0,8404.0,1856.0,6.0
301,Ghost_Balor1916,24.0,8.0,47.0,1939.0,0.1489361673593521,1939.0,8156.0,7.0,0.931093692779541,320.0,7594.0,1668.0,10.0
302,ghost_danjel,1.0,19.0,24.0,974.0,0.5,974.0,3839.0,12.0,1.0359468460083008,191.0,3977.0,1062.0,14.0
303,AmirBacha19,1.0,8.0,15.0,381.0,2.0,381.0,2042.0,30.0,0.971106767654419,86.0,1983.0,348.0,7.0
304,IV_40_kirtap,24.0,9.0,12.0,2882.0,0.9166666865348816,2882.0,12125.0,11.0,0.9903505444526672,422.0,12008.0,2428.0,9.0
